repository,issue_number,human_relevance,confirmed_patterns,uncertain_patterns,insufficient_context,confidence
ethereum/pm,867,yes,Mortal,,no,high
solana-labs/solana-program-library,2003,yes,Oracle,,no,high
web3swift-team/web3swift,103,yes,Tokenization,,no,high
crytic/slither,117,uncertain,,Check-Effects-Interactions,no,medium
Uniswap/v3-sdk,141,no,,,no,high
ethereum/consensus-specs,44,no,,,no,high
ipfs/public-gateway-checker,452,no,,,no,high
paritytech/substrate,900,no,Low contract footprint,,no,high
trustwallet/assets,17741,no,,,no,high
OpenZeppelin/openzeppelin-contracts,3735,yes,Role-based control|Time-Constrained Access,,no,
foundry-rs/foundry,8015,yes,Proxy contract,,no,
graphprotocol/graph-node,3373,yes,Reverse Oracle,,no,
solana-labs/solana-program-library,3165,yes,Oracle,,no,
AztecProtocol/aztec-packages,2388,no,,,no,
AztecProtocol/aztec-packages,5038,no,,,no,
AztecProtocol/aztec-packages,5651,no,,,no,
AztecProtocol/aztec-packages,11391,no,,,no,
Consensys/gnark,388,no,,,no,
Consensys/gnark,1311,no,,,no,
Consensys/quorum,72,no,,,no,
Consensys/quorum,387,no,,,no,
Consensys/quorum,1586,no,,,no,
Consensys/teku,8385,no,,,no,
FuelLabs/fuel-connectors,349,no,,,no,
FuelLabs/fuel-core,2528,no,,,no,
FuelLabs/sway,4516,no,,,no,
FuelLabs/sway,7228,no,,,no,
INFURA/infura,81,no,,,no,
MetaMask/contract-metadata,1125,no,,,no,
MetaMask/core,309,no,,,no,
MetaMask/core,691,no,,,no,
MetaMask/core,1981,no,,,no,
MetaMask/eth-phishing-detect,6425,no,,,no,
MetaMask/eth-phishing-detect,8759,no,,,no,
MetaMask/eth-phishing-detect,13502,no,,,no,
MetaMask/eth-phishing-detect,159849,no,,,no,
MetaMask/eth-phishing-detect,184576,no,,,no,
MetaMask/metamask-extension,1091,no,,,no,
MetaMask/metamask-extension,6105,no,,,no,
MetaMask/metamask-extension,13525,no,,,no,
MetaMask/metamask-extension,20424,no,,,no,
MetaMask/metamask-extension,22537,no,,,no,
MetaMask/metamask-extension,25739,no,,,no,
MetaMask/metamask-extension,28962,no,,,no,
MetaMask/metamask-extension,30553,no,,,no,
MetaMask/metamask-extension,31382,no,,,no,
MetaMask/metamask-mobile,4441,no,,,no,
MetaMask/metamask-mobile,11138,no,,,no,
MetaMask/metamask-mobile,11455,no,,,no,
MetaMask/metamask-mobile,12951,no,,,no,
MetaMask/metamask-mobile,13691,no,,,no,
MetaMask/metamask-mobile,13713,no,,,no,
MetaMask/metamask-mobile,16448,no,,,no,
MetaMask/metamask-mobile,17295,no,,,no,
MetaMask/snaps,459,no,,,no,
MoralisWeb3/react-moralis,142,no,,,no,
NomicFoundation/hardhat,4652,no,,,no,
OpenZeppelin/cairo-contracts,328,no,,,no,
OpenZeppelin/openzeppelin-contracts,722,no,,,no,
OpenZeppelin/openzeppelin-contracts,4084,no,,,no,
OpenZeppelin/openzeppelin-contracts,5062,no,,,no,
OpenZeppelin/openzeppelin-sdk,917,no,,,no,
ProjectOpenSea/opensea-js,236,no,,,no,
ProjectOpenSea/operator-filter-registry,93,no,,,no,
SyncraDAO/psp-tokenlist,44,no,,,no,
TrueFiEng/Waffle,646,no,,,no,
Uniswap/interface,2094,no,,,no,
Uniswap/v4-core,310,no,,,no,
Uniswap/v4-core,815,no,,,no,
Uniswap/web3-react,104,no,,,no,
algorand/go-algorand,3261,no,,,no,
algorand/go-algorand,6374,no,,,no,
blockscout/blockscout,4222,no,,,no,
blockscout/blockscout,5926,no,,,no,
blockscout/blockscout,6711,no,,,no,
coinbase/coinbase-wallet-sdk,526,no,,,no,
coinbase/onchainkit,1602,no,,,no,
embarklabs/embark,1361,no,,,no,
ethereum/aleth,603,no,,,no,
ethereum/aleth,3639,no,,,no,
ethereum/aleth,5551,no,,,no,
ethereum/consensus-specs,4177,no,,,no,
ethereum/eth-tester,243,no,,,no,
ethereum/ethereum-org-website,5465,no,,,no,
ethereum/execution-apis,244,no,,,no,
ethereum/go-ethereum,85,no,,,no,
ethereum/go-ethereum,2237,no,,,no,
ethereum/go-ethereum,23913,no,,,no,
ethereum/mist,1179,no,,,no,
ethereum/trin,451,no,,,no,
ethereum/web3.py,3441,no,,,no,
ethers-io/ethers.js,970,no,,,no,
ethersphere/bee,1362,no,,,no,
ethersphere/bee,2972,no,,,no,
ethersphere/bee,5116,no,,,no,
foundry-rs/foundry,8804,no,,,no,
foundry-rs/foundry,10589,no,,,no,
foundry-rs/foundry,11673,no,,,no,
foundry-rs/starknet-foundry,231,no,,,no,
foundry-rs/starknet-foundry,2924,no,,,no,
graphprotocol/graph-node,1577,no,,,no,
graphprotocol/graph-node,5156,no,,,no,
hyperledger/besu,671,no,,,no,
hyperledger/besu,3888,no,,,no,
hyperledger/besu,5146,no,,,no,
hyperledger/besu,6344,no,,,no,
hyperledger/fabric-sdk-node,94,no,,,no,
ipfs/awesome-ipfs,485,no,,,no,
ipfs/helia,287,no,,,no,
ipfs/ipfs-companion,485,no,,,no,
ipfs/ipfs-desktop,2125,no,,,no,
ipfs/ipfs-desktop,2788,no,,,no,
ipfs/ipfs-webui,845,no,,,no,
ipfs/ipfs-webui,2190,no,,,no,
ipfs/ipfs-webui,2348,no,,,no,
ipfs/js-ipfs,12,no,,,no,
ipfs/js-ipfs,2343,no,,,no,
ipfs/js-ipfs,2760,no,,,no,
ipfs/js-ipfs,3504,no,,,no,
ipfs/js-ipfs,4085,no,,,no,
ipfs/js-ipfs,4197,no,,,no,
ipfs/kubo,460,no,,,no,
ipfs/kubo,1376,no,,,no,
ipfs/kubo,1505,no,,,no,
ipfs/kubo,3430,no,,,no,
ipfs/kubo,3869,no,,,no,
ipfs/kubo,4527,no,,,no,
ipfs/kubo,5206,no,,,no,
ipfs/kubo,5749,no,,,no,
ipfs/kubo,5920,no,,,no,
ipfs/kubo,6458,no,,,no,
ipfs/kubo,7168,no,,,no,
ipfs/kubo,8303,no,,,no,
ipfs/public-gateway-checker,177,no,,,no,
ipfs/public-gateway-checker,215,no,,,no,
ipfs/specs,383,no,,,no,
ipfs/specs,406,no,,,no,
junobuild/juno,481,no,,,no,
livepeer/go-livepeer,1786,no,,,no,
livepeer/go-livepeer,3229,no,,,no,
matter-labs/anvil-zksync,351,no,,,no,
matter-labs/foundry-zksync,358,no,,,no,
near/core-contracts,197,no,,,no,
near/nearcore,306,no,,,no,
near/nearcore,2483,no,,,no,
near/nearcore,2846,no,,,no,
near/nearcore,6512,no,,,no,
near/nearcore,11333,no,,,no,
openethereum/parity-ethereum,5747,no,,,no,
paradigmxyz/reth,2760,no,,,no,
paradigmxyz/reth,16266,no,,,no,
paradigmxyz/reth,17374,no,,,no,
paradigmxyz/solar,329,no,,,no,
paritytech/polkadot,3714,no,,,no,
paritytech/polkadot-sdk,317,no,,,no,
paritytech/polkadot-sdk,1851,no,,,no,
paritytech/polkadot-sdk,2245,no,,,no,
paritytech/polkadot-sdk,3203,no,,,no,
paritytech/polkadot-sdk,4745,no,,,no,
paritytech/polkadot-sdk,9497,no,,,no,
paritytech/substrate,5493,no,,,no,
paritytech/substrate,9696,no,,,no,
paritytech/substrate,9738,no,,,no,
paritytech/subxt,1117,no,,,no,
protofire/solhint,197,no,,,no,
rainbow-me/rainbow,3675,no,,,no,
scroll-tech/contribute-to-scroll,1966,no,,,no,
sigp/lighthouse,911,no,,,no,
sigp/lighthouse,4971,no,,,no,
smartcontractkit/chainlink,2681,no,,,no,
smartcontractkit/chainlink,13017,no,,,no,
smol-dot/smoldot,1806,no,,,no,
snapshot-labs/sx-monorepo,981,no,,,no,
solana-labs/solana,3377,no,,,no,
solana-labs/solana,5681,no,,,no,
solana-labs/token-list,1165,no,,,no,
solana-labs/token-list,16854,no,,,no,
trustwallet/assets,2057,no,,,no,
trustwallet/assets,4740,no,,,no,
trustwallet/assets,5452,no,,,no,
trustwallet/assets,7985,no,,,no,
trustwallet/assets,13141,no,,,no,
trustwallet/assets,14229,no,,,no,
trustwallet/assets,15915,no,,,no,
trustwallet/assets,16096,no,,,no,
trustwallet/assets,24480,no,,,no,
trustwallet/assets,26515,no,,,no,
trustwallet/assets,29848,no,,,no,
trustwallet/assets,29882,no,,,no,
trustwallet/assets,30558,no,,,no,
trustwallet/tokens,104,no,,,no,
trustwallet/wallet-core,2768,no,,,no,
web3/web3.js,2299,no,,,no,
web3/web3.js,6085,no,,,no,
wevm/wagmi,1412,no,,,no,
MetaMask/metamask-docs,1505,insufficient_context,,,yes,
MetaMask/metamask-mobile,14857,insufficient_context,,,yes,
paritytech/substrate,1310,insufficient_context,,,yes,
hyperledger/besu,4012,insufficient_context,,,yes,
matter-labs/zksync,215,insufficient_context,,,yes,
